year,paper,topic,question,question_hi,marks,word_limit,source_file,verified
2013,GS3,Inclusive Growth,"With a consideration towards the strategy of inclusive growth, the new companies bill, 2013 has indirectly made CSR a mandatory obligation. Discuss the challenges expected in its implementation in right earnest. Also discuss other provisions in the bill and their implications.",,10,150,GS3 PYQ Analysis,False
2014,GS3,Inclusive Growth,"Capitalism has guided the world economy to unprecedented prosperity. However, it often encourages shortsightedness and contributes to wide disparities between the rich and the poor. In this light, would it be correct to believe and adopt capitalism driving inclusive growth in India? Discuss.",,12.5,250,GS3 PYQ Analysis,False
2014,GS3,Employment,"While we found India’s demographic dividend, we ignore the dropping rates of employability. What are we missing while doing so? Where will the jobs that India desperately needs come from? Explain.",,12.5,250,GS3 PYQ Analysis,False
2015,GS3,Growth,The nature of economic growth in India in described as jobless growth. Do you agree with this view? Give arguments in favour of your answer.,,12.5,250,GS3 PYQ Analysis,False
2015,GS3,Development,"Craze for gold in Indians have led to a surge in import of gold in recent years and put pressure on balance of payments and external value of rupee. In view of this, examine the merits of Gold Monetization Scheme.",,12.5,250,GS3 PYQ Analysis,False
2015,GS3,Employment,“Success of ‘Make in India’ programme depends on the success of ‘Skill India’ programme and radical labour reforms.” Discuss with logical arguments.,,12.5,250,GS3 PYQ Analysis,False
2016,GS3,Inclusive Growth,Pradhan Mantri Jan-Dhan Yojana (PMJDY) is necessary for bringing unbanked to the institutional finance fold. Do you agree with this for financial inclusion of the poorer section of the Indian society? Give arguments to justify your opinion.,,12.5,250,GS3 PYQ Analysis,False
2016,GS3,Inclusive Growth,Comment on the challenges for inclusive growth which include careless and useless manpower in the Indian context. Suggest measures to be taken for facing these challenges.,,12.5,250,GS3 PYQ Analysis,False
2017,GS3,Growth,"Among several factors for India’s potential growth, savings rate is the most effective one. Do you agree? What are the other factors available for growth potential?",,10,150,GS3 PYQ Analysis,False
2017,GS3,Development,Account for the failure of manufacturing sector in achieving the goal of labour-intensive exports rather than capital-intensive exports. Suggest measures for more labour- intensive rather than capital-intensive exports.,,10,150,GS3 PYQ Analysis,False
2017,GS3,Inclusive Growth,What are the salient features of ‘inclusive growth’? Has India been experiencing such a growth process? Analyze and suggest measures for inclusive growth.,,15,250,GS3 PYQ Analysis,False
2018,GS3,Planning,How are the principles followed by the NITI Aayog different from those followed by the erstwhile Planning Commission in India?,,15,250,GS3 PYQ Analysis,False
2019,GS3,Growth,Do you agree with the view that steady GDP growth and low inflation have left the Indian economy in good shape? Give reasons in support of your arguments.,,10,150,GS3 PYQ Analysis,False
2019,GS3,Inclusive Growth,It is argued that the strategy of inclusive growth is intended to meet the objectives of inclusiveness and sustainability together. Comment on this statement.,,15,250,GS3 PYQ Analysis,False
2020,GS3,Growth,Define potential GDP and explain its determinants. What are the factors that have been inhibiting India from realizing its potential GDP?,,10,150,GS3 PYQ Analysis,False
2020,GS3,Inclusive Growth,Explain intra-generational and inter-generational issues of equity from the perspective of inclusive growth and sustainable development.,,10,150,GS3 PYQ Analysis,False
2021,GS3,Growth,Explain the difference between computing methodology of India’s Gross Domestic Product (GDP) before the year 2015 and after the year 2015.,,10,150,GS3 PYQ Analysis,False
2021,GS3,Growth,Do you agree that the Indian economy has recently experienced V- shapes recovery? Give reasons in support of your answer.,,15,250,GS3 PYQ Analysis,False
2022,GS3,Inclusive Growth,Is inclusive growth possible under market economy? State the significance of financial inclusion in achieving economic growth in India.,,10,150,GS3 PYQ Analysis,False
2022,GS3,Employment,“Economic growth in the recent past has been led by increase in labour productivity.” Explain this statement. Suggest the growth pattern that will lead to creation of more jobs without compromising labour productivity.,,15,250,GS3 PYQ Analysis,False
2023,GS3,Growth,"Faster economic growth requires increased share of the manufacturing sector in GDP, particularly of MSMEs. Comment on the present policies of the government in this regard.",,10,150,GS3 PYQ Analysis,False
2023,GS3,Development,What is the status of digitalization in the Indian economy? Examine the problems faced in this regard and suggest improvements.,,10,150,GS3 PYQ Analysis,False
2023,GS3,Employment,Most of the unemployment in India is structural in nature. Examine the methodology adopted to compute unemployment in the country and suggest improvements.,,15,250,GS3 PYQ Analysis,False
2023,GS3,Inclusive Growth,Distinguish between ‘care economy’ and ‘monetised economy’. How can care economy be brought into monetised economy through women empowerment?,,15,250,GS3 PYQ Analysis,False
2013,GS3,GST,Discussion the rationale for introducing Good and services tax in India. Bring out critically the reasons for delay in roll out for its regime.,,10,150,GS3 PYQ Analysis,False
2013,GS3,Policies,"What is meaning of the term tax-expenditure? Taking housing sector as an example, discuss how it influences budgetary policies of the government.",,10,150,GS3 PYQ Analysis,False
2013,GS3,FRBM,"What are the reasons for introduction of Fiscal responsibility and Budget Management (FRBM) act, 2003? Discuss critically its salient features and their effectiveness.",,10,150,GS3 PYQ Analysis,False
2016,GS3,Gnder Budgeting,Women empowerment in India needs gender budgeting. What are the requirements and status of gender budgeting in the Indian context?,,12.5,250,GS3 PYQ Analysis,False
2017,GS3,Budget,"One of the intended objectives of Union Budget 2017-18 is to ‘transform, energize and clean India’. Analyse the measures proposed in the Budget 2017-18 to achieve the objective.",,15,250,GS3 PYQ Analysis,False
2018,GS3,Tax,Comment on the important changes introduced in respect of the Long-term Capital Gains Tax (LCGT) and Dividend Distribution Tax (DDT) in the Union Budget for 2018-2019.,,10,150,GS3 PYQ Analysis,False
2019,GS3,GST,"Enumerate the indirect taxes which have been subsumed in the Goods and Services Tax (GST) in India. Also, comment on the revenue implications of the GST introduced in India since July 2017.",,10,150,GS3 PYQ Analysis,False
2019,GS3,Budget,The public expenditure management is a challenge to the government of India in the context of budget-making during the post-liberalization period. Clarify it.,,15,250,GS3 PYQ Analysis,False
2020,GS3,GST,Explain the rationale behind the Goods and Services Tax (Compensation to States) Act of 2017. How has COVID-19 impacted the GST compensation fund and created new federal tensions?,,15,250,GS3 PYQ Analysis,False
2021,GS3,Budget,Distinguish between Capital Budget and Revenue Budget. Explain the components of both these Budgets.,,10,150,GS3 PYQ Analysis,False
2013,GS3,PPP,Adaptation of PPP model for infrastructure development of the country has not been free from criticism. Critically discuss the pros and cons of the model.,,10,150,GS3 PYQ Analysis,False
2014,GS3,Transport,National urban transport policy emphasizes on moving people instead of moving vehicles. Discuss critically the success of various strategies of the government in this regard.,,12.5,250,GS3 PYQ Analysis,False
2014,GS3,PPP,"Explain how private public partnership agreements, in longer gestation infrastructure projects, can transfer unsuitable liabilities to the future. What arrangements need to be put in place to ensure that successive generations’ capacities are not compromised?",,12.5,250,GS3 PYQ Analysis,False
2015,GS3,SEZ,"There is a clear acknowledgement that Special Economic Zones (SEZs) are a tool of industrial development, manufacturing and exports. Recognizing this potential, the whole instrumentality of SEZs requires augmentation. Discuss the issues plaguing the success of SEZs with respect to taxation, governing laws and administration.",,12.5,250,GS3 PYQ Analysis,False
2016,GS3,Development,What are ‘Smart Cities? Examine their relevance for urban development in India. Will it increase rural-urban differences? Give arguments for Smart Villages’ in the light of PURA and RURBAN Mission.,,12.5,250,GS3 PYQ Analysis,False
2016,GS3,FDI,Justify the need for FDI for the development of the Indian economy. Why there is gap between MOUs signed and actual FDIs? Suggest remedial steps to be taken for increasing actual FDIs in India.,,12.5,250,GS3 PYQ Analysis,False
2017,GS3,Airport,Examine the developments of Airports in India through Joint Ventures under Public- Private Partnership(PPP) model. What are the challenges faced by the authorities in this regard.,,10,150,GS3 PYQ Analysis,False
2018,GS3,Energy,With growing energy needs should India keep on expanding its nuclear energy programme? Discuss the facts and fears associated with nuclear energy.,,15,250,GS3 PYQ Analysis,False
2018,GS3,SDG,"Access to affordable, reliable, sustainable and modern energy is the sine qua non to achieve Sustainable Development Goals (SDGs). Comment on the progress made in India in this regard.",,10,150,GS3 PYQ Analysis,False
2020,GS3,Investment,Explain the meaning of investment in an economy in terms of capital formation. Discuss the factors to be considered while designing a concession agreement between a public entity and a private entity.,,15,250,GS3 PYQ Analysis,False
2021,GS3,Investment,“Investment in infrastructure is essential for more rapid and inclusive economic growth. ”Discuss in the light of India’s experience,,15,250,GS3 PYQ Analysis,False
2022,GS3,Railway,Why is Public Private Partnership (PPP) required in infrastructural projects? Examine the role of PPP model in the redevelopment of Railway Stations in India,,10,150,GS3 PYQ Analysis,False
2022,GS3,Energy,Do you think India will meet 50 percent of its energy needs from renewable energy by 2030 ? Justify your answer. How will the shift of subsidies from fossil fuels to renewables help achieve the above objective? Explain.,,15,250,GS3 PYQ Analysis,False
2013,GS3,MNC,Examine the impact of liberalization on companies owned by Indian. Are the competing with the MNCs satisfactorily?,,10,150,GS3 PYQ Analysis,False
2013,GS3,FDI,Discuss the impact of FDI entry into multi-trade retail sector on supply chain management in commodity trade pattern of the economy.,,5,,GS3 PYQ Analysis,False
2013,GS3,FDI,"Though India allowed foreign direct investment (FDI) in what is called multi brand retail through joint venture route in September 2012, the FDI even after a year, has not picket up. Discuss the reasons.",,5,,GS3 PYQ Analysis,False
2014,GS3,CORE,"Normally countries shift from agriculture to industry and then later to services, but India shifted directly from agriculture to services. What are the reasons for the huge growth of services vis-a-vis industry in the country? Can India become a developed country without a strong industrial base?",,12.5,250,GS3 PYQ Analysis,False
2014,GS3,FDI,Foreign direct investment in the defence sector is now said to be liberalised. What influence this is expected to have on Indian defence and economy in the short and long run?,,12.5,250,GS3 PYQ Analysis,False
2016,GS3,Globalisation,How globalization has led to the reduction of employment in the formal sector of the Indian economy? Is increased informalization detrimental to the development of the country?,,12.5,250,GS3 PYQ Analysis,False
2017,GS3,Industrial,“Industrial growth rate has lagged behind in the overall growth of Gross-Domestic- Product(GDP) in the post-reform period” Give reasons. How far the recent changes in Industrial Policy are capable of increasing the industrial growth rate?,,15,250,GS3 PYQ Analysis,False
2018,GS3,CORE,How would the recent phenomena of protectionism and currency manipulations in world trade affect macroeconomic stability of India?,,15,250,GS3 PYQ Analysis,False
2016,GS3,Micro,What is water-use efficiency? Describe the role of micro-irrigation in increasing the water- use efficiency.,,12.5,250,GS3 PYQ Analysis,False
2016,GS3,System,What is allelopathy? Discuss its role in major cropping systems of irrigated agriculture.,,12.5,250,GS3 PYQ Analysis,False
2016,GS3,Policy,"Given the vulnerability of Indian agriculture to vagaries of nature, discuss the need for crop insurance and bring out the salient features of the Pradhan Mantri Fasal Bima Yojana (PMFBY)",,12.5,250,GS3 PYQ Analysis,False
2017,GS3,Yield,What are the major reasons for declining rice and wheat yield in the cropping system? How crop diversification is helpful to stabilize the yield of the crop in the system?,,15,250,GS3 PYQ Analysis,False
2018,GS3,Concept,Sikkim is the first ‘Organic State’ in India. What are the ecological and economical benefits of Organic State?,,10,150,GS3 PYQ Analysis,False
2018,GS3,Mission,"Assess the role of National Horticulture Mission (NHM) in boosting the production, productivity and income of horticulture farms. How far has it succeeded in increasing the income of farmers?",,15,250,GS3 PYQ Analysis,False
2018,GS3,Patterns,How has the emphasis on certain crops brought about changes in cropping patterns in recent past? Elaborate the emphasis on millets production and consumption.,,15,250,GS3 PYQ Analysis,False
2019,GS3,System,How far is the Integrated Farming System (IFS) helpful in sustaining agricultural production?,,10,150,GS3 PYQ Analysis,False
2019,GS3,Project,Elaborate on the impact of the National Watershed Project in increasing agricultural production from water-stressed areas.,,10,150,GS3 PYQ Analysis,False
2019,GS3,Contributions,How was India benefited from the contributions of Sir M.Visvesvaraya and Dr. M. S. Swaminathan in the fields of water engineering and agricultural science respectively?,,10,150,GS3 PYQ Analysis,False
2020,GS3,Measures,Suggest measures to improve water storage and irrigation system to make its judicious use under depleting scenario.,,15,250,GS3 PYQ Analysis,False
2020,GS3,Factors,What are the major factors responsible for making rice-wheat system a success? In spite of this success how has this system become bane in India?,,15,250,GS3 PYQ Analysis,False
2021,GS3,Micro,How and to what extent would micro-irrigation help in solving India’s water crisis?,,10,150,GS3 PYQ Analysis,False
2022,GS3,Concept,What is Integrated Farming System ? How is it helpful to small and marginal farmers in India ?,,15,250,GS3 PYQ Analysis,False
2023,GS3,Patterns,Explain the changes in cropping patterns in India in the context of changes in consumption patterns and marketing conditions.,,15,250,GS3 PYQ Analysis,False
2015,GS3,Programme,How can the ‘Digital India’ programme help farmers to improve farm productivity and income? What steps has the Government taken in this regards?,,12.5,250,GS3 PYQ Analysis,False
2017,GS3,Revolution,"Explain various types of revolutions, took place in Agriculture after Independence in India. How these revolutions have helped in poverty alleviation and food security in India?",,10,150,GS3 PYQ Analysis,False
2019,GS3,Technology,How can biotechnology improve the living standards of farmers?,,15,250,GS3 PYQ Analysis,False
2021,GS3,Technology,What are the present challenges before crop diversification? How do emerging technologies provide an opportunity for crop diversification?,,15,250,GS3 PYQ Analysis,False
2023,GS3,Technology,How does e-Technology help farmers in production and marketing of agricultural produce? Explain it.,,10,150,GS3 PYQ Analysis,False
2013,GS3,Revolution,India needs to strengthen measures to promote the pink revolution in food industry for better nutrition and health. Critically elucidate the statement.,,10,150,GS3 PYQ Analysis,False
2014,GS3,APMC,There is also a point of view that agriculture produce market committees (APMCs) set up under the state acts have not only impeded the development of agriculture but also have been the cause of food inflation in India. Critically examine.,,12.5,250,GS3 PYQ Analysis,False
2015,GS3,Livestock,Livestock rearing has a big potential for providing non-farm employment and income in rural areas. Discuss suggesting suitable measures to promote this sectors in India,,12.5,250,GS3 PYQ Analysis,False
2015,GS3,Farming,"In view of the declining average size of land holdings in India which has made agriculture non-viable for a majority of farmers, should contract farming and land leasing be promoted in agriculture? Critically evaluate the pros and cons. Contract",,12.5,250,GS3 PYQ Analysis,False
2015,GS3,etc,"What are the impediments in marketing and supply chain management in industry in India? Can e-commerce help in overcoming these bottlenecks? Marketing, SCM",,12.5,250,GS3 PYQ Analysis,False
2017,GS3,Small Farmers,What are the reasons for poor acceptance of cost effective small processing unit? How the food processing unit will be helpful to uplift the socio-economic status of poor farmers?,,10,150,GS3 PYQ Analysis,False
2018,GS3,SCM,"Examine the role of supermarkets in supply chain management of fruits, vegetables and food items. How do they eliminate number of intermediaries?",,10,150,GS3 PYQ Analysis,False
2019,GS3,Policy,Elaborate on the policy taken by the government of India to meet the challenges of the food processing sector.,,15,250,GS3 PYQ Analysis,False
2020,GS3,Marketing,What are the main constraints in transport and marketing of agricultural produce in India? Transport and,,10,150,GS3 PYQ Analysis,False
2020,GS3,Food Processing,What are the challenges and opportunities of food processing sector in the country? How can income of the farmers be substantially increased by encouraging food processing?,,10,150,GS3 PYQ Analysis,False
2021,GS3,Act,"What are the salient features of the National Food Security Act, 2013? How has the Food Security Bill helped in eliminating hunger and malnutrition in India?",,15,250,GS3 PYQ Analysis,False
2022,GS3,Food Processing,Elaborate the scope and significance of the food processing industry in India,,10,150,GS3 PYQ Analysis,False
2022,GS3,Marketing,What are the main bottlenecks in upstream and downstream process of marketing of agricultural products in India ?,,15,250,GS3 PYQ Analysis,False
2013,GS3,Economy,"Establish the relationship between land reform, agriculture productivity and elimination of poverty in Indian Economy. Discussion the difficulty in designing and implementation of the agriculture friendly land reforms in India.",,10,150,GS3 PYQ Analysis,False
2014,GS3,Act,"The right to fair compensation and transparency land acquisition, rehabilitation and resettlement act, 2013 has come into effect from 1 January 2014. What implication would it have on industrialisation and agriculture in India?",,12.5,250,GS3 PYQ Analysis,False
2016,GS3,Development,Discuss the role of land reforms in agricultural development. Identify the factors that were responsible for the success of land reforms in India.,,12.5,250,GS3 PYQ Analysis,False
2021,GS3,Conditions,How did land reforms in some parts of the country help to improve the socio-economic conditions of marginal and small farmers?,,10,150,GS3 PYQ Analysis,False
2023,GS3,Policy,State the objectives and measures of land reforms in India. Discuss how land ceiling policy on landholding can be considered as an effective reform under economic criteria.,,10,150,GS3 PYQ Analysis,False
2013,GS3,Subsidies,What are the different types of agriculture subsidies given to farmers at the national and state levels? Critically analyze the agriculture subsidy regime with the reference to the distortions created by it.,,10,150,GS3 PYQ Analysis,False
2013,GS3,Bill,Food security bill is expected to eliminate hunger and malnutrition in India. Critically discuss various apprehensions in its effective implementation along with the concerns it has generated in WTO,,10,150,GS3 PYQ Analysis,False
2014,GS3,Financial,“In the villages itself no form of credit organisation will be suitable except the cooperative society.” – All Indian rural credit survey. Discuss this statement in the background of agriculture finance in India. What constrain and challenges do financial institutions supplying agricultural finances? How can technology be used to better reach and serve rural clients?,,12.5,250,GS3 PYQ Analysis,False
2015,GS3,DBT,In what way could replacement of price subsidy with Direct Benefit Transfer (DBT) change the scenario of subsidies in India? Discuss.,,12.5,250,GS3 PYQ Analysis,False
2017,GS3,Subsidies,"How do subsidies affect the cropping pattern, crop diversity and economy of farmers? What is the significance of crop insurance, minimum support price and food processing for small and marginal farmers?",,15,250,GS3 PYQ Analysis,False
2018,GS3,MSP,What do you mean by Minimum Support Price (MSP)? How will MSP rescue the farmers from the low income trap?,,10,150,GS3 PYQ Analysis,False
2019,GS3,PDS,What are the reformative steps taken by the government to make food grain distribution system more effective?,,15,250,GS3 PYQ Analysis,False
2022,GS3,PDS,What are the major challenges of Public Distribution System (PDS) in India? How can it be made effective and transparent ?,,10,150,GS3 PYQ Analysis,False
2023,GS3,Subsidies,What are the direct and indirect subsidies provided to farm sector in India. Discuss the issues raised by the World Trade Organization (WTO) in relation to agricultural subsidies.,,15,250,GS3 PYQ Analysis,False
2013,GS3,Administration,"How important are vulnerability and risk assessment for pre-disaster management. As an administrator ,what are key areas that you would focus in a disaster management",,10,150,GS3 PYQ Analysis,False
2014,GS3,Drought,"Drought has been recognised as a disaster in view of its party expense, temporal duration, slow onset and lasting effect on various vulnerable sections. With a focus on the September 2010 guidelines from the National disaster management authority, discuss the mechanism for preparedness to deal with the El Nino and La Nina fallouts in India.",,12.5,250,GS3 PYQ Analysis,False
2015,GS3,Earthquake,"The frequency of earthquakes appears to have increased in the Indian subcontinent. However, India’s preparedness for mitigating their impact has significant gaps. Discuss various aspects.",,12.5,250,GS3 PYQ Analysis,False
2016,GS3,Floods,The frequency of urban floods due to high intensity rainfall is increasing over the years. Discussing the reasons for urban floods. highlight the mechanisms for preparedness to reduce the risk during such events.,,12.5,250,GS3 PYQ Analysis,False
2016,GS3,Cloudburst,"With reference to National Disaster Management Authority (NDMA) guidelines, discuss the measures to be adopted to mitigate the impact of the recent incidents of cloudbursts in many places of Uttarakhand.",,12.5,250,GS3 PYQ Analysis,False
2017,GS3,Tsunami,"On December 2004, tsumani brought havoc on 14 countries including India. Discuss the factors responsible for occurrence of Tsunami and its effects on life and economy. In the light of guidelines of NDMA (2010) describe the mechanisms for preparedness to reduce the risk during such events.",,15,250,GS3 PYQ Analysis,False
2018,GS3,DRR,"Describe various measures taken in India for Disaster Risk Reduction (DRR) before and after signing ‘Sendai Framework for DRR (2015-2030)’. How is this framework different from ‘Hyogo Framework for Action, 2005?",,15,250,GS3 PYQ Analysis,False
2019,GS3,Landslide,Disaster preparedness is the first step in any disaster management process. Explain how hazard zonation mapping will help in disaster mitigation in the case of landslides.,,15,250,GS3 PYQ Analysis,False
2019,GS3,Vulnerability,Vulnerability is an essential element for defining disaster impacts and its threat to people. How and in what ways can vulnerability to disasters be characterized? Discuss different types of vulnerability with reference to disasters.,,10,150,GS3 PYQ Analysis,False
2020,GS3,Measures,Discuss the recent measures initiated in disaster management by the Government of India departing from the earlier reactive approach.,,15,250,GS3 PYQ Analysis,False
2021,GS3,Earthquake,Discuss about the vulnerability of India to earthquake-related hazards. Give examples including the salient features of major disasters caused by earthquakes in different parts of India during the last three decades,,10,150,GS3 PYQ Analysis,False
2021,GS3,Landslide,Describe the various causes and the effects of landslides. Mention the important components of the National Landslide Risk Management Strategy.,,15,250,GS3 PYQ Analysis,False
2022,GS3,Cloudburst,Explain the mechanism and occurrence of cloudburst in the context of the Indian subcontinent. Discuss two recent examples.,,10,150,GS3 PYQ Analysis,False
2022,GS3,Coastal,Explain the causes and effects of coastal erosion in India. What are the available coastal management techniques for combating the hazard?,,15,250,GS3 PYQ Analysis,False
2023,GS3,Dam Failure,"Dam failures are always catastrophic, especially on the downstream side, resulting in a colossal loss of life and property. Analyse the various causes of dam failures. Give two examples of large dam failures.",,10,150,GS3 PYQ Analysis,False
2013,GS3,Mining,What are the consequences of illegal mining? Discuss the ministry of environment and forests’ concept of “GO AND NO GO” zones for coal mining.,,10,150,GS3 PYQ Analysis,False
2013,GS3,Measure,Write a note on India’s green energy corridor to alleviate the problems of conventional energy. Alleviation,,10,150,GS3 PYQ Analysis,False
2013,GS3,Projects,What do you understand by run of the river hydroelectricity project? How is it different from any other hydroelectricity project?,,5,,GS3 PYQ Analysis,False
2013,GS3,Policy,"Enumerate the National Water Policy of India. Taking river Ganges as an example, discuss the strategies which may be adopted for river water pollution control and management. What are the legal provisions for management and handling of hazardous wastes in India?",,10,150,GS3 PYQ Analysis,False
2014,GS3,Mechanisms,Should the pursuit of carbon credit and clean development mechanism set up under UNFCCC be maintained even through there has been a massive slide in the value of carbon credit? Discuss with respect to India’s energy needs for economic growth. International,,12.5,250,GS3 PYQ Analysis,False
2014,GS3,EIA,Environmental impact assessment studies are increasingly undertaken before project is cleared by the government. Discuss the environmental impacts of coal-fired thermal plants located at Pitheads.,,12.5,250,GS3 PYQ Analysis,False
2015,GS3,Power Industry,To what factors can the recent dramatic fall in equipment costs and tariff of solar energy be attributed? What implications does the trend have for the thermal power producers and the related industry?,,12.5,250,GS3 PYQ Analysis,False
2015,GS3,Projects,The Namami Gange and National mission for clean Ganga (NMCG) programmes and causes of mixed results from the previous schemes. What quantum leaps can help preserve the river Ganga better than incremental inputs?,,12.5,250,GS3 PYQ Analysis,False
2016,GS3,EIA,Rehabilitation of human settlements is one of the important environmental impacts which always attracts controversy while planning major projects. Discuss the measures suggested for mitigation of this impact while proposing major developmental projects.,,12.5,250,GS3 PYQ Analysis,False
2016,GS3,Programmes,Give an account of the current status and the targets to be achieved pertaining to renewable energy sources in the country. Discuss in brief the importance of National Programme on Light Emitting Diodes (LEDs).,,12.5,250,GS3 PYQ Analysis,False
2017,GS3,Impact,‘Climate Change’ is a global problem. How India will be affected by climate change? How Himalayan and coastal states of India will be affected by climate change?,,15,250,GS3 PYQ Analysis,False
2017,GS3,Projects,"Not many years ago, river linking was a concept but it is becoming reality in the country. Discuss the advantages of river linking and its possible impact on the environment.",,10,150,GS3 PYQ Analysis,False
2018,GS3,Waste,What are the impediments in disposing the huge quantities of discarded solid wastes which are continuously being generated? How do we remove safely the toxic wastes that have been accumulating in our habitable environment?,,10,150,GS3 PYQ Analysis,False
2018,GS3,Mechanisms,What is wetland? Explain the Ramsar concept of ‘wise use’ in the context of wetland conservation. Cite two examples of Ramsar sites from India. International,,10,150,GS3 PYQ Analysis,False
2018,GS3,Act,"How does biodiversity vary in India? How is the Biological Diversity Act, 2002 helpful in conservation of flora and fauna?",,15,250,GS3 PYQ Analysis,False
2019,GS3,Concept,Define the concept of carrying capacity of an ecosystem as relevant to an environment. Explain how understanding this concept is vital while planning for sustainable development of a region.,,15,250,GS3 PYQ Analysis,False
2019,GS3,Mining,"Coastal sand mining, whether legal or illegal, poses one of the biggest threats to our environment. Analyse the impact of sand mining along the Indian coasts, citing specific examples.",,10,150,GS3 PYQ Analysis,False
2020,GS3,EIA,"How does the draft Environment Impact Assessment (EIA) Notification, 2020 differ from the existing EIA Notification, 2006?",,10,150,GS3 PYQ Analysis,False
2020,GS3,Programmes,What are the salient features of the Jal Shakti Abhiyan launches by the Government of India for water conservation and water security?,,10,150,GS3 PYQ Analysis,False
2020,GS3,Programmes,Describe the benefits of deriving electric energy from sunlight in contrast to the conventional energy generation. What are the initiatives offered by our Government for this purpose?,,15,250,GS3 PYQ Analysis,False
2020,GS3,Programmes,What are the key features of the National Clean Air Programme (NCAP) initiated by the Government of India?,,15,250,GS3 PYQ Analysis,False
2021,GS3,Mechanisms,Explain the purpose of the Green Grid Initiative launched at the World Leaders Summit of the COP26 UN Climate Change Conference in Glasgow in November 2021. When was this idea first floated in the International Solar Alliance (ISA)? International,,10,150,GS3 PYQ Analysis,False
2021,GS3,Mechanisms,Describe the key points of the revised Global Air Quality Guidelines (AQGs) recently released by the World Health Organisation (WHO). How are these different from its last update in 2005? What changes in India’s National Clean Air Programme are required to achieve these revised standards? International,,10,150,GS3 PYQ Analysis,False
2021,GS3,Mechanisms,Describe the major outcomes of the 26th session of the Conference of the Parties (COP) to the United Nations Framework Convention on Climate Change (UNFCCC). What are the commitments made by India in this conference? ( International,,15,250,GS3 PYQ Analysis,False
2022,GS3,Concept,"Each year a large amount of plant material, cellulose, is deposited on the surface of Planet Earth. What are the natural processes this cellulose undergoes before yielding carbon dioxide, water and other end products?",,10,150,GS3 PYQ Analysis,False
2022,GS3,Mechanisms,"Discuss in detail the photochemical smog emphasizing its formation, effects and mitigation. Explain the 1999 Gothenburg Protocol. International",,10,150,GS3 PYQ Analysis,False
2022,GS3,Mechanisms,"Discuss global warming and mention its effects on the global climate. Explain the control measures to bring down the level of greenhouse gases which cause global warming, in the light of the Kyoto Protocol, 1997. International",,15,250,GS3 PYQ Analysis,False
2023,GS3,Pollution,What is oil pollution? What are its impacts on the marine ecosystem? In what way is pollution particularly harmful for a country like India.,,10,150,GS3 PYQ Analysis,False
2023,GS3,Programmes,Comment on the National Wetland Conservation Programme initiated by the Government of India and name a few India’s wetlands of international importance included in the Ramsar Sites.,,15,250,GS3 PYQ Analysis,False
2023,GS3,Mechanisms,The Intergovernmental Panel on Climate Change (IPCC) has predicted a global sea level rise of about one metre by AD 2100. What would be its impact in India and the other countries in the Indian Ocean region? International,,15,250,GS3 PYQ Analysis,False
2013,GS3,Technology,What do you understand by Umpire decision review in cricket? Discuss its various components. Explain how silicon tape on the edge of a bat may fool the system?,,10,150,GS3 PYQ Analysis,False
2013,GS3,Technology,What is an FRP composite material? How are they manufactured? Discuss their applications in aviation and automobile industry,,5,,GS3 PYQ Analysis,False
2013,GS3,IPR,"Bring out the circumstances in 2005 which forced amendment to section 3(d) in the India n Patent Law, 1970. Discuss how it has been utilized by Supreme court in its judgment rejecting Novartis patent application for “Glivec”. Discuss briefly the pros and cons of the decision.",,10,150,GS3 PYQ Analysis,False
2013,GS3,Technology,How does the 3D printing technology work? List out the advantages and disadvantages of the technology.,,5,,GS3 PYQ Analysis,False
2013,GS3,Biotechnology,What do you understand by fixed dose drug combinations (FDCs)? Discuss their merits and demerits.,,10,150,GS3 PYQ Analysis,False
2014,GS3,IPR,"In a globalised world, intellectual property rights assume significance and are a source of litigation. Broadly distinguish between the terms – copyrights, patents and trade secrets.",,12.5,250,GS3 PYQ Analysis,False
2015,GS3,IPR,India’s Traditional Knowledge Digital Library (TKDL) which has a database containing formatted information on more than 2 million medicinal formulations is proving a powerful weapon in the country’s fight against erroneous patents. Discuss the pros and cons making this database publicly available under open-source licensing,,12.5,250,GS3 PYQ Analysis,False
2015,GS3,Robot,What are the areas of prohibitive labour that can be sustainably managed by robots? Discuss the initiatives that can propel research in premier research institutes for substantive and gainful innovation.,,12.5,250,GS3 PYQ Analysis,False
2017,GS3,Biotechnology,"Stem cell therapy is gaining popularity in India to treat a wide variety of medical conditions including Leukaemia, Thalassemia, damaged cornea and several burns. Describe briefly what stem cell therapy is and what advantages it has over other treatments?",,10,150,GS3 PYQ Analysis,False
2018,GS3,Biotechnology,Why is there so much activity in the field of biotechnology in our country? How has this activity benefitted the field of biopharma?,,15,250,GS3 PYQ Analysis,False
2020,GS3,Nanotechnology,What do you understand by nanotechnology and how is it helping in health sector?,,10,150,GS3 PYQ Analysis,False
2020,GS3,Impact,How is science interwoven deeply with our lives? What are the striking changes in agriculture triggered off by the science-based technologies?,,10,150,GS3 PYQ Analysis,False
2020,GS3,Vaccine,"COVID-19 pandemic has caused unprecedented devastation worldwide. However, technological advancements are being availed readily to win over the crisis. Give an account of how technology was sought to aid management to the pandemic.",,15,250,GS3 PYQ Analysis,False
2021,GS3,defence,How is S-400 air defence system technically superior to any other system presently available in the world?,,10,150,GS3 PYQ Analysis,False
2021,GS3,Biotechnology,What are the research and developmental achievements in applied biotechnology/? How will these achievements help to uplift the poorer sections of society?,,15,250,GS3 PYQ Analysis,False
2022,GS3,Medical,The increase in life expectancy in the country has led to newer health challenges in the community. What are those challenges and what steps need to be taken to meet them ?,,10,150,GS3 PYQ Analysis,False
2022,GS3,Space,"Launched on 25th December, 2021, James Webb Space Telescope has been much in the news since then. What are its unique features which make it superior to its predecessor Space Telescopes? What are the key goals of this mission? What potential benefits does it hold for the human race?",,15,250,GS3 PYQ Analysis,False
2023,GS3,Medical,Introduce the concept of Artificial Intelligence (AI). How does Al help clinical diagnosis? Do you perceive any threat to privacy of the individual in the use of Al in healthcare?,,10,150,GS3 PYQ Analysis,False
2023,GS3,Biotechnology,Discuss several ways in which microorganisms can help in meeting the current fuel shortage.,,10,150,GS3 PYQ Analysis,False
2023,GS3,EV,The adoption of electric vehicles is rapidly growing worldwide. How do electric vehicles contribute to reducing carbon emissions and what are the key benefits they offer compared to traditional combustion engine vehicles?,,15,250,GS3 PYQ Analysis,False
2014,GS3,Research,"Scientific research in Indian universities is declining, because a career in science is not as attractive as our business operations, engineering or administration, and the universities are becoming consumer oriented. Critically comment.",,12.5,250,GS3 PYQ Analysis,False
2014,GS3,Issue,"Can overuse and the availability of antibiotics without doctor’s prescription, the contributors to the emergence of drug-resistant diseases in India? What are the available mechanisms for monitoring and control? Critically discuss the various issues involved.",,12.5,250,GS3 PYQ Analysis,False
2015,GS3,satellite,What do you understand by ‘Standard Positioning Systems’ and ‘Protection Positioning Systems’ in the GPS era? Discuss the advantages India perceives from its ambitious IRNSS programme employing just seven satellites.,,12.5,250,GS3 PYQ Analysis,False
2016,GS3,Space,Discuss India’s achievements in the field of Space Science and Technology. How the application of this technology has helped India in its socio-economic development?,,12.5,250,GS3 PYQ Analysis,False
2016,GS3,Nanotechnology,Why is nanotechnology one of the key technologies of the 21st century? Describe the salient features of Indian Government’s Mission on Nanoscience and Technology and the scope of its application in the development process of the country.,,12.5,250,GS3 PYQ Analysis,False
2017,GS3,Space,"India has achieved remarkable successes in unmanned space missions including the Chandrayaan and Mars Orbitter Mission, but has not ventured into manned space mission, both in terms of technology and logistics? Explain critically.",,10,150,GS3 PYQ Analysis,False
2017,GS3,Nuclear,Give an account of the growth and development of nuclear science and technology in India. What is the advantage of fast breeder reactor programme in India?,,15,250,GS3 PYQ Analysis,False
2018,GS3,Scientist,Discuss the work of ‘Bose-Einstein Statistics’ done by Prof. Satyendra Nath Bose and show how it revolutionized the field of Physics.,,10,150,GS3 PYQ Analysis,False
2019,GS3,Space,What is India’s plan to have its own space station and how will it benefit our space programme?,,10,150,GS3 PYQ Analysis,False
2019,GS3,Pharma,How is the government of India protecting traditional knowledge of medicine from patenting by pharmaceutical companies?,,15,250,GS3 PYQ Analysis,False
2021,GS3,Scientist,"The Nobel Prize in Physics of 2014 was jointly awarded to Akasaki, Amano and Nakamura for the invention of Blue LEDs in 1990s. How has this invention impacted the everyday life of human beings?",,15,250,GS3 PYQ Analysis,False
2022,GS3,Vaccine,What is the basic principle behind vaccine development? How do vaccines work? What approaches were adopted by the Indian vaccine manufacturers to produce COVID-19 vaccines?,,15,250,GS3 PYQ Analysis,False
2023,GS3,Space,What is the main task of India’s third moon mission which could not be achieved in its earlier mission? List the countries that have achieved this task. Introduce the system in the spacecraft launched and explain the role of the ‘Virtual Launch Control Centre’ at the Vikram Sarabhai Space Centre which contributed to the successful launch from Sriharikota.,,15,250,GS3 PYQ Analysis,False
2013,GS3,LWE,Article 244 of Indian Constitution relates to Administration of Scheduled areas and tribal areas. Analyze the impact of non-implementation of the provisions of fifth schedule on the growth of Left Wing Extremism.,,10,150,GS3 PYQ Analysis,False
2015,GS3,LWE,"The persisting drives of the government for development of large industries in backward areas have resulted in isolating the tribal population and the farmers who face multiple displacements with Malkangiri and Naxalbari foci, discuss the corrective strategies needed to win the left wing extremism (LWE) doctrine affected citizens back into the mainstream of social and economic growth.",,12.5,250,GS3 PYQ Analysis,False
2015,GS3,Terrorism,Religious indoctrination via digital media has resulted in Indian youth joining the ISIS. What is ISIS and its mission? How can ISIS be dangerous for the internal security of our country?,,12.5,250,GS3 PYQ Analysis,False
2016,GS3,Terrorism,“Terrorism is emerging as a competitive industry over the last few decades.” Analyse the above statement.,,12.5,250,GS3 PYQ Analysis,False
2017,GS3,Organised Crime,"Mob violence is emerging as a serious law and order problem in India. By giving suitable examples, analyze the causes and consequences of such violence.",,15,250,GS3 PYQ Analysis,False
2017,GS3,Terrorism,The scourge of terrorism is a grave challenge to national security. What solutions do you suggest to curb this growing menace? What are the major sources of terrorist funding?,,15,250,GS3 PYQ Analysis,False
2017,GS3,Insurgency,The north-eastern region of India has been infested with insurgency for a very long time. Analyze the major reasons for the survival of armed insurgency in this region.,,10,150,GS3 PYQ Analysis,False
2018,GS3,LWE,"Left Wing Extremism (LWE) is showing a downward trend, but still affects many parts of the country. Briefly explain the Government of India’s approach to counter the challenges posed by LWE.",,10,150,GS3 PYQ Analysis,False
2019,GS3,Anti-Terrorism,"Indian government has recently strengthened the anti-terrorism laws by amending the unlawful activities (Prevention) Act (UAPA), 1967 and the NIA Act. Analyze the changes in the context of prevailing security environment while discussing the scope and reasons for opposing the UAPA by human rights organizations.",,15,250,GS3 PYQ Analysis,False
2019,GS3,Terrorism,The banning of ‘Jamaat-e – islaami’ in Jammu and Kashmir brought into focus the role of over-ground workers (OGWs) in assisting terrorist organizations. Examine the role played by OGWs in assisting terrorist organizations in insurgency affected areas. Discuss measures to neutralize the influence of OGWs.,,10,150,GS3 PYQ Analysis,False
2020,GS3,LWE,"What are the sound determinants of left-wing extremism in Eastern part of India? What strategy should Government of India, civil administration and security forces adopt to counter the threat in the affected areas?",,15,250,GS3 PYQ Analysis,False
2021,GS3,Terrorism,"Analyse the complexity and intensity of terrorism, its causes, linkages and obnoxious nexus. Also, suggest measures required to be taken to eradicate the menace of terrorism.",,15,250,GS3 PYQ Analysis,False
2022,GS3,Organised Crime,Discuss the types of organised crimes. Describe the linkages between terrorists and organised crime that exist at the national and transnational levels.,,10,150,GS3 PYQ Analysis,False
2022,GS3,LWE,"Naxalism is a social, economic and developmental issue manifesting as a violent internal security threat. In this context, discuss the emerging issues and suggest a multilayered strategy to tackle the menace of Naxalism.",,15,250,GS3 PYQ Analysis,False
2023,GS3,Terrorism,Winning of ‘Hearts and Minds’ in terrorism affected areas is an essential step in restoring the trust of the population. Discuss the measures adopted by the Government in this respect as part of the conflict resolution in Jammu and Kashmir.,,10,150,GS3 PYQ Analysis,False
2023,GS3,Terrorism,"Give out the major sources of terror funding in India and the efforts being made to curtail these sources. In the light of this, also discuss the aim and objective of the No Money for Terror (NMFT) Conference recently held at New Delhi in November 2022.",,15,250,GS3 PYQ Analysis,False
2013,GS3,Border,"How far are India’s internal security challenges linked with border management, particularly in view of the long porous borders with most countries of South Asia and Myanmar?",,10,150,GS3 PYQ Analysis,False
2014,GS3,Forces,International civil aviation laws provide all countries complete and exclusive sovereignty over the airspace above the territory. What do you understand by airspace? What are the implications of these laws on the space above this airspace? Discuss the challenges which this poses and suggests ways to contain the threat.,,12.5,250,GS3 PYQ Analysis,False
2014,GS3,Challenge,The diverse nature of India as a multireligious and multi-ethnic society is not immune to the impact of radicalism which has been in her neighbourhood. Discuss along with the strategies to be adopted to counter this environment.,,12.5,250,GS3 PYQ Analysis,False
2014,GS3,Border,"How illegal transborder migration does pose a threat to India’s security? Discuss the strategies to curb this, bring out the factors which give impetus to such migration.",,12.5,250,GS3 PYQ Analysis,False
2014,GS3,Maritime,"In 2012, the longitudinal marking of the high-risk areas for piracy was moved from 65° East to 78° east in the Arabian Sea by International Maritime organisation. What impact does this have on India’s maritime security concerns?",,12.5,250,GS3 PYQ Analysis,False
2014,GS3,Border,China and Pakistan have entered into an agreement for development of an economic corridor. What thread does it dispose for India’s security? Critically examine.,,12.5,250,GS3 PYQ Analysis,False
2015,GS3,Forces,"Human rights activists constantly highlight the view that the Armed Forces (Special Powers) Act, 1958 (AFSPA) is a draconian act leading to cases of human rights abuses by the security forces. What sections of AFSPA are opposed by the activists? Critically evaluate the requirement with reference to the view held by the Apex Court.",,12.5,250,GS3 PYQ Analysis,False
2016,GS3,Forces,The terms ‘Hot Pursuit’ and ‘Surgical Strikes’ are often used in connection with armed action against terrorist attacks. Discuss the strategic impact of such actions.,,12.5,250,GS3 PYQ Analysis,False
2016,GS3,Border,Border management is a complex task due to difficult terrain and hostile relations with some countries. Elucidate the challenges and strategies for effective border management.,,12.5,250,GS3 PYQ Analysis,False
2018,GS3,Border,The China-Pakistan Economic Corridor (CPEC) is viewed as a cardinal subset of China’s larger ‘One Belt One Road’ initiative. Give a brief description of CPEC and enumerate the reasons why India has distanced itself from the same.,,10,150,GS3 PYQ Analysis,False
2019,GS3,Border,"Cross-border movement of insurgents is only one of the several security challenges facing the policing of the border in North-East India. Examine the various challenges currently emanating across the India-Myanmar border. Also, discuss the steps to counter the challenges.",,15,250,GS3 PYQ Analysis,False
2020,GS3,Border,"Analyze internal security threats and transborder crimes along Myanmar, Bangladesh and Pakistan borders including Line of Control (LoC). Also discuss the role played by various security forces in this regard",,15,250,GS3 PYQ Analysis,False
2020,GS3,Border,"For effective border area management, discuss the steps required to be taken to deny local support to militants and also suggest ways to manage favourable perception among locals",,10,150,GS3 PYQ Analysis,False
2021,GS3,Border,"Keeping in view India’s internal security, analyse the impact of cross-border cyber attacks. Also, discuss defensive measures against these sophisticated attacks.",,10,150,GS3 PYQ Analysis,False
2021,GS3,Actors,"Analyse the multidimensıonal challenges posed by external state and non-state actors, to the internal security of India. Also, discuss measures required to be taken to combat these threats",,15,250,GS3 PYQ Analysis,False
2022,GS3,Maritime,"What are the maritime security challenges in India? Discuss the organisational, technical and procedural initiatives taken to improve the maritime security.",,10,150,GS3 PYQ Analysis,False
2023,GS3,Border,"The use of unmanned aerial vehicles (UAVs) by our adversaries across the borders to ferry arms/ammunitions, drugs, etc, is a serious threat to the internal security. Comment on the measures being taken to tackle this threat.",,10,150,GS3 PYQ Analysis,False
2013,GS3,Steps,Money laundering poses a serious threat to country’s economic sovereignty. What is its significance for India and what steps are required to be taken to control this menace?,,10,150,GS3 PYQ Analysis,False
2018,GS3,Linkage,"India’s proximity to two of the world’s biggest illicit opium-growing states has enhanced her internal security concerns. Explain the linkages between drug trafficking and other illicit activities such as gunrunning, money laundering and human trafficking. What counter-measures should be taken to prevent the same?",,15,250,GS3 PYQ Analysis,False
2021,GS3,Technologies,Discuss how emerging technologies and globalisation contribute to money laundering. Elaborate measures to tackle the problem of money laundering both at national and international levels.,,10,150,GS3 PYQ Analysis,False
2013,GS3,Terrorism,Cyber warfare is considered by some defense analysts to be a larger threat than even Al Qaeda or terrorism. What do you understand by Cyber warfare? Outline the cyber threats which India is vulnerable to and bring out the state of the country’s preparedness to deal with the same.,,10,150,GS3 PYQ Analysis,False
2013,GS3,Concept,What is digital signature? What does its authentication mean? Giver various salient built in features of a digital signature.,,5,,GS3 PYQ Analysis,False
2013,GS3,Social Network,What are social networking site and what security implications do these sites present?,,10,150,GS3 PYQ Analysis,False
2015,GS3,Concept,Discuss the advantage and security implications of cloud hosting of server vis-a-vis in- house machine-based hosting for government businesses.,,12.5,250,GS3 PYQ Analysis,False
2015,GS3,Policy,"Considering the threats cyberspace poses for the country, India needs a “Digital Armed Force” to prevent crimes. Critically evaluate the National Cyber Security Policy, 2013 outlining the challenges perceived in its effective implementation.",,12.5,250,GS3 PYQ Analysis,False
2016,GS3,Social Network,Use of Internet and social media by non-state actors for subversive activities is a major concern. How have these have misused in the recent past? Suggest effective guidelines to curb the above threat.,,12.5,250,GS3 PYQ Analysis,False
2017,GS3,Measure,Discuss the potential threats of Cyber attack and the security framework to prevent it. Prevention,,10,150,GS3 PYQ Analysis,False
2018,GS3,Data,"Data security has assumed significant importance in the digitized world due to rising cyber crimes. The Justice B. N. Srikrishna Committee Report addresses issues related to data security. What, in your view, are the strengths and weakness sof the Report relating to protection of personal data in cyber space?",,15,250,GS3 PYQ Analysis,False
2019,GS3,Project,What is the CyberDome Project? Explain how it can be useful in controlling internet crimes in India.,,10,150,GS3 PYQ Analysis,False
2020,GS3,Concept,Discuss different types of cyber crimes and measures required to be taken to fight the menace,,10,150,GS3 PYQ Analysis,False
2022,GS3,Concept,"What are the different elements of cyber security? Keeping in view the challenges in cyber security, examine the extent to which India has successfully developed a comprehensive National Cyber Security Strategy.",,10,150,GS3 PYQ Analysis,False
2023,GS3,Challenges,What are the internal security challenges being faced by India? Give out the role of Central Intelligence and Investigative Agencies tasked to counter such threats.,,15,250,GS3 PYQ Analysis,False
