id,year,subject,topic,question,option_a,option_b,option_c,option_d,answer,explanation,source,verified
prelims-2015-1,2015,,Digital Payments & Financial Inclusion,‘Pradhan Mantri Jan-Dhan Yojana’ has been launched for,,,,,C,,2015 Prelims source provided in conversation,false
prelims-2015-2,2015,,Fiscal Policy & Budget,"With reference to the Fourteenth Finance Commission, which of the following statements is/are correct? 1. It has increased the share of States in the central divisible pool from 32 percent to 42 percent. 2. It has made recommendations concerning sector-specific grants. Select the correct answer using the code given below.",,,,,A,,2015 Prelims source provided in conversation,false
prelims-2015-3,2015,,International Organisations & Groupings,"The ‘Fortaleza Declaration’, recently in the news, is related to the affairs of",,,,,B,,2015 Prelims source provided in conversation,false
prelims-2015-4,2015,,Fiscal Policy & Budget,A decrease in tax to GDP ratio of a country indicates which of the following? 1. Slowing economic growth rate 2. Less equitable distribution of national income Select the correct answer using the code given below.,,,,,A,,2015 Prelims source provided in conversation,false
prelims-2015-5,2015,,Atmosphere & Climatology,"In the South Atlantic and South-Eastern Pacific regions in tropical latitudes, cyclone does not originate. What is the reason?",,,,,B,,2015 Prelims source provided in conversation,false
prelims-2015-6,2015,,Cartography & Map Skills,Which one of the following pairs of States of India indicates the easternmost and westernmost State?,,,,,D,,2015 Prelims source provided in conversation,false
prelims-2015-7,2015,,Directive Principles Of State Policy,Consider the following statements regarding the Directive Principles of State Policy: 1. The Principles spell out the socio-economic democracy in the country. 2. The provisions contained in these Principles are not enforceable by any court. Which of the statements given above is/are correct?,,,,,C,,2015 Prelims source provided in conversation,false
prelims-2015-8,2015,,Infrastructure & Industry,"In the ‘Index of Eight Core Industries’, which one of the following is given the highest weight?",,,,,B,,2015 Prelims source provided in conversation,false
prelims-2015-9,2015,,Protected Areas & Wildlife,Which of the following National Parks is unique in being a swamp with floating vegetation that supports a rich biodiversity?,,,,,B,,2015 Prelims source provided in conversation,false
prelims-2015-10,2015,,Science & Technology Institutions,Which of the following statements is/are correct regarding National Innovation Foundation-India (NIF)? 1. NIF is an autonomous body of the Department of Science and Technology under the Central Government. 2. NIF is an initiative to strengthen the highly advanced scientific research in India’s premier scientific institutions in collaboration with highly advanced foreign scientific institutions. Select the correct answer using the code given below.,,,,,A,,2015 Prelims source provided in conversation,false
prelims-2015-11,2015,,Pollution & Waste Management,What can be the impact of excessive/ inappropriate use of nitrogenous fertilizers in agriculture? 1. Proliferation of nitrogen-fixing microorganisms in soil can occur. 2. Increase in the acidity of soil can take place. 3. Leaching of nitrate to the ground- water can occur. Select the correct answer using the code given below.,,,,,C,,2015 Prelims source provided in conversation,false
prelims-2015-12,2015,,International Environmental Treaties & Summits,"With reference to the International Union for Conservation of Nature and Natural Resources (IUCN) and the Convention on International Trade in Endangered Species of Wild Fauna and Flora (CITES), which of the following statements is/are correct? 1. IUCN is an organ of the United Nations and CITES is an international agreement between governments. 2, IUCN runs thousands of field Projects around the world to better manage natural environments. 3. CITES is legally binding on the States that have joined it, but this Convention does not take the place of national laws. Select the correct answer using the code given below.",,,,,B,,2015 Prelims source provided in conversation,false
prelims-2015-13,2015,,Agriculture & Rural Development,The Fair and Remunerative Price (FRP) of sugarcane is approved by the,,,,,A,,2015 Prelims source provided in conversation,false
prelims-2015-14,2015,,Oceanography,What explains the eastward flow of the equatorial counter-current?,,,,,B,,2015 Prelims source provided in conversation,false
prelims-2015-15,2015,,Indian Physical Geography,Consider the following pairs: Place of Pilgrimage : Location 1. Srisailam : Nallamala Hills 2. Omkareshwar : Satmala Hills 3. Pushkar : Mahadeo Hills Which of the above pairs is/are correctly matched?,,,,,A,,2015 Prelims source provided in conversation,false
prelims-2015-16,2015,,Gandhian Mass Movements (1915-1942),"With reference to Rowlatt Satyagraha, which of the following statements is/are correct? 1. The Rowlatt Act was based on the recommendations of the ‘Sedition Committee’. 2. In Rowlatt Satyagraha, Gandhiji tried to utilize the Home Rule League. 3. Demonstrations against the arrival of Simon Commission coincided with Rowlatt Satyagraha. Select the correct answer using the code given below:",,,,,C,,2015 Prelims source provided in conversation,false
prelims-2015-17,2015,,Disasters & Humanitarian Issues,"Among the following, which were frequently mentioned in the news for the outbreak of Ebola virus recently?",,,,,B,,2015 Prelims source provided in conversation,false
prelims-2015-18,2015,,Pollution & Waste Management,"With reference to ‘fly ash’ produced by the power plants using coal as fuel, which of the following statements is/are correct? 1. Fly ash can be used in the production of bricks for building construction. 2. Fly ash can be used as a replacement for some of the Portland cement contents of concrete. 3. Fly ash is made up of silicon dioxide and calcium oxide only, and does not contain any toxic elements. Select the correct answer using the code given below:",,,,,D,,2015 Prelims source provided in conversation,false
prelims-2015-19,2015,,Biodiversity & Conservation,"With reference to ‘dugong’, a mammal found in India, which of the following statements is/are correct? 1. It is a herbivorous marine animal. 2. It is found along the entire coast of India. 3. It is given legal protection under Schedule I of the Wildlife (Protection) Act, 1972. Select the correct answer using the code given below:",,,,,C,,2015 Prelims source provided in conversation,false
prelims-2015-20,2015,,British Administration & Economic Policies,Who of the following was/were economic critic/critics of colonialism in India? 1. Dadabhai Naoroji 2. G. Subramania Iyer 3. R. C. Dutt Select the correct answer using the code given below:,,,,,D,,2015 Prelims source provided in conversation,false
prelims-2015-21,2015,,International Institutions & Reports,Which one of the following issues the ‘Global Economic Prospects’ report periodically?,,,,,B,,2015 Prelims source provided in conversation,false
prelims-2015-22,2015,,Monetary Policy & Money Supply,"When the Reserve Bank of India reduces the Statutory Liquidity Ratio by 50 basis points, which of the following is likely to happen?",,,,,D,,2015 Prelims source provided in conversation,false
prelims-2015-23,2015,,Health & Diseases,"With reference to the use of nano-technology in health sector, which of the following statements is/are correct? 1. Targeted drug delivery is made possible by nanotechnology. 2. Nanotechnology can largely contribute to gene therapy. Select the correct answer using the code given below:",,,,,C,,2015 Prelims source provided in conversation,false
prelims-2015-24,2015,,Agriculture & Rural Development,"In India, markets in agricultural products are regulated under the",,,,,B,,2015 Prelims source provided in conversation,false
prelims-2015-25,2015,,Biodiversity & Conservation,Which one of the following is the national aquatic animal of India?,,,,,C,,2015 Prelims source provided in conversation,false
prelims-2015-26,2015,,Revolutionary & Communist Movements,"With reference to Congress Socialist Party, consider the following statements : 1. It advocated the boycott of British goods and evasion of taxes. 2. It wanted to establish the dicta- torship of proletariat. 3. It advocated separate electorate for minorities and oppressed classes. Which of the statements given above is/are correct?",,,,,D,,2015 Prelims source provided in conversation,false
prelims-2015-27,2015,,Parliament & State Legislatures,Consider the following statements: 1. The Rajya Sabha has no power either to reject or to amend a Money Bill. 2. The Rajya Sabha cannot vote on the Demands for Grants. 3. The Rajya Sabha cannot discuss the Annual Financial Statement. Which of the statements given above is/are correct?,,,,,B,,2015 Prelims source provided in conversation,false
prelims-2015-28,2015,,Constitutional Developments & British Plans (1909-1947),The Government of India Act of 1919 clearly defined,,,,,B,,2015 Prelims source provided in conversation,false
prelims-2015-29,2015,,Inflation & Price Indices,Which of the following brings out the ‘Consumer Price Index Number for Industrial Workers’?,,,,,C,,2015 Prelims source provided in conversation,false
prelims-2015-30,2015,,Physics,"In the context of modern scientific research, consider the following statements about ‘IceCube’, a particle detector located at South Pole, which was recently in the news: 1. It is the world’s largest neutrino detector, encompassing a cubic kilometre of ice. 2. It is a powerful telescope to search for dark matter. 3. It is buried deep in the ice. Which of the statements given above is/are correct?",,,,,D,,2015 Prelims source provided in conversation,false
prelims-2015-31,2015,,International Trade & WTO,"The terms ‘Agreement on Agriculture’, ‘Agreement on the Application of Sanitary and Phytosanitary Measures’ and ‘Peace Clause’ appear in the news frequently in the context of the affairs of the",,,,,C,,2015 Prelims source provided in conversation,false
prelims-2015-32,2015,,Computer & Information Technology,"With reference to ‘Near Field Communication (NFC) Technology’, which of the following statements is/are correct? 1. It is a contactless communication technology that uses electromagnetic radio fields. 2. NFC is designed for use by devices which can be at a distance of even a metre from each other. 3. NFC can use encryption when sending sensitive information. Select the correct answer using the code given below:",,,,,C,,2015 Prelims source provided in conversation,false
prelims-2015-33,2015,,World Political Geography & Borders,The area known as ‘Golan Heights’ sometimes appears in the news in the context of the events related to,,,,,B,,2015 Prelims source provided in conversation,false
prelims-2015-34,2015,,External Sector & Balance Of Payments,Convertibility of rupee implies,,,,,C,,2015 Prelims source provided in conversation,false
prelims-2015-35,2015,,Regional Kingdoms & Frontier States,Consider the following pairs : Medieval Indian Present Region State 1. Champaka : Central India 2. Durgara : Jammu 3. Kuluta 2 Malabar Which of the above pairs is/are correctly matched?,,,,,B,,2015 Prelims source provided in conversation,false
prelims-2015-36,2015,,Indian Rivers & Water Resources,Consider the following rivers : 1. Vamsadhara 2. Indravati 3. Pranahita 4. Pennar Which of the above are tributaries of Godavari?,,,,,D,,2015 Prelims source provided in conversation,false
prelims-2015-37,2015,,Parliament & State Legislatures,"When a bill is referred to a joint sitting of both the Houses of the Parliament, it has to be passed by",,,,,A,,2015 Prelims source provided in conversation,false
prelims-2015-38,2015,,Ecosystems & Ecology Concepts,"Which one of the following regions of India has a combination of mangrove forest, evergreen forest and deciduous forest?",,,,,D,,2015 Prelims source provided in conversation,false
prelims-2015-39,2015,,Mahajanapadas & Early Kingdoms,"Which of the following kingdoms were associated with the life of the Buddha? 1. Avanti 2. Gandhara 3, Kosala 4. Magadha Select the correct answer using the code given below.",,,,,D,,2015 Prelims source provided in conversation,false
prelims-2015-40,2015,,International Environmental Treaties & Summits,Which one of the following is associated with the issue of control and phasing out of the use of ozone-depleting substances?,,,,,B,,2015 Prelims source provided in conversation,false
prelims-2015-41,2015,,Mughal Empire,Consider the following: The arrival of Babur into India led to the 1. introduction of gunpowder in the subcontinent 2. introduction of the arch and dome in the region’s architecture 3. establishment of Timurid dynasty in the region. Select the correct answer using the code given below:,,,,,B,,2015 Prelims source provided in conversation,false
prelims-2015-42,2015,,Economic Planning & Five-Year Plans,The Government of India has established NITI Aayog to replace the,,,,,D,,2015 Prelims source provided in conversation,false
prelims-2015-43,2015,,International Environmental Treaties & Summits,"What is Rio+20 Conference, often mentioned in the news?",,,,,A,,2015 Prelims source provided in conversation,false
prelims-2015-44,2015,,Union & State Executive,Consider the following statements : 1. The Executive Power of the Union of India is vested in the Prime Minister. 2. The Prime Minister is the ex officio Chairman of the Civil Services Board. Which of the statements given above is/are correct?,,,,,D,,2015 Prelims source provided in conversation,false
prelims-2015-45,2015,,Space Technology & Astronomy,The term ‘Goldilocks Zone’ is often seen in the news in the context of,,,,,C,,2015 Prelims source provided in conversation,false
prelims-2015-46,2015,,Gandhian Mass Movements (1915-1942),Who of the following organized a march on the Tanjore coast to break the Salt Law in April 1930?,,,,,C,,2015 Prelims source provided in conversation,false
prelims-2015-47,2015,,Vijayanagara Empire,Who of the following founded a new city on the south bank of a tributary to river Krishna and undertook to rule his new kingdom as the agent of a deity to whom all the land south of the river Krishna was supposed to belong?,,,,,A,,2015 Prelims source provided in conversation,false
prelims-2015-48,2015,,Early Nationalism & Indian National Congress (1885-1915),"Consider the following statements : 1, The first woman President of the Indian National Congress was Sarojini Naidu. 2. The first Muslim President of the Indian National Congress was Badruddin Tyabji. Which of the statements given above is/are correct?",,,,,B,,2015 Prelims source provided in conversation,false
prelims-2015-49,2015,,International Environmental Treaties & Summits,"Which of the following statements regarding ‘Green Climate Fund’ is/are correct? 1. It is intended to assist the developing countries in adaptation and mitigation practices to counter climate change. 2. It is founded under the aegis of UNEP, OECD, Asian Development Bank and World Bank. Select the correct answer using the code given below:",,,,,A,,2015 Prelims source provided in conversation,false
prelims-2015-50,2015,,Awards & Honours,"Indira Gandhi Prize for Peace, Disarmament and Development for 2014 was given to which one of the following?",,,,,C,,2015 Prelims source provided in conversation,false
prelims-2015-51,2015,,Constitutional Developments & British Plans (1909-1947),"With reference to the Cabinet Mission, which of the following statements is/are correct? 1. It recommended a federal government. 2. It enlarged the powers of the Indian courts. 3. It provided for more Indians in the ICS. Select the correct answer using the code given below:",,,,,A,,2015 Prelims source provided in conversation,false
prelims-2015-52,2015,,Protected Areas & Wildlife,"Which one of the following National Parks has a climate that varies from tropical to subtropical, temperate and arctic?",,,,,D,,2015 Prelims source provided in conversation,false
prelims-2015-53,2015,,International Organisations & Groupings,Amnesty International is,,,,,C,,2015 Prelims source provided in conversation,false
prelims-2015-54,2015,,Sculpture & Iconography,"With reference to the art and archaeo- logical history of India, which one among the following was made earliest?",,,,,B,,2015 Prelims source provided in conversation,false
prelims-2015-55,2015,,Medieval Administration & Socio-Economic Institutions,"With reference to Indian history, which of the following is/are the essential element/elements of the feudal system? 1. A very strong centralized political authority and a very weak provincial or local political authority 2. Emergence of administrative structure based on control and possession of land 3. Creation of lord-vassal relationship between the feudal lord and his overlord Select the correct answer using the code given below.",,,,,B,,2015 Prelims source provided in conversation,false
prelims-2015-56,2015,,International Environmental Treaties & Summits,‘BioCarbon Fund Initiative for Sustainable Forest Landscapes’ is managed by the,,,,,D,,2015 Prelims source provided in conversation,false
prelims-2015-57,2015,,International Organisations & Groupings,India is a member of which among the following? 1. Asia-Pacific Economic Cooperation 2. Association of South-East Asian Nations 3. East Asia Summit. Select the correct answer using the code given below:,,,,,B,,2015 Prelims source provided in conversation,false
prelims-2015-58,2015,,Infrastructure & Industry,"In India, the steel production industry requires the import of",,,,,C,,2015 Prelims source provided in conversation,false
prelims-2015-59,2015,,Federalism & Centre–State Relations,The provisions in Fifth Schedule and Sixth Schedule in the Constitution of India are made in order to,,,,,A,,2015 Prelims source provided in conversation,false
prelims-2015-60,2015,,Public Finance & Finance Commission,"With reference to the Union Government, consider the following statements : 1. The Department of Revenue is responsible for the preparation of Union Budget that is presented to the Parliament. No amount can be withdrawn from the Consolidated Fund of India without the authorization from the Parliament of India. All the disbursements made from Public Account also need the authorization from the Parliament of India. Which of the statements given above is/are correct?",,,,,C,,2015 Prelims source provided in conversation,false
prelims-2015-61,2015,,Judiciary,Who/Which of the following is the custodian of the Constitution of India?,,,,,D,,2015 Prelims source provided in conversation,false
prelims-2015-62,2015,,Agriculture & Rural Development,Consider the following statements: 1. The Accelerated Irrigation Benefits Programme was launched during 1996-97 to provide loan assistance to poor farmers. 2. The Command Area Development Programme was launched in 1974-75 for the development of water-use efficiency. Which of the statements given above is/are correct?,,,,,B,,2015 Prelims source provided in conversation,false
prelims-2015-63,2015,,Environmental Governance & Legislation,The Genetic Engineering Appraisal Committee is constituted under the,,,,,C,,2015 Prelims source provided in conversation,false
prelims-2015-64,2015,,International Relations & Treaties,"In the Mekong-Ganga Cooperation, an initiative of six countries, which of the following is/are not a participant/participants? 1. Bangladesh 2. Cambodia 3. China 4. Myanmar 5. Thailand. Select the correct answer using the code given below:",,,,,C,,2015 Prelims source provided in conversation,false
prelims-2015-65,2015,,Banking & Financial Sector,"‘Basel III Accord’ or simply ‘Basel III’, often seen in the news, seeks to",,,,,B,,2015 Prelims source provided in conversation,false
prelims-2015-66,2015,,Atmosphere & Climatology,Consider the following statements: 1. The winds which blow between 30° N and 60° S latitudes throughout the year are known as westerlies. 2. The moist air masses that cause winter rains in North-Western region of India are part of westerlies. Which of the statements given above is/are correct?,,,,,B,,2015 Prelims source provided in conversation,false
prelims-2015-67,2015,,International Organisations & Groupings,"With reference to ‘Indian Ocean Rim Association for Regional Cooperation (IOR-ARC)’, consider the following statements: 1. It was established very recently in response to incidents of piracy and accidents of oil spills. 2. It is an alliance meant for maritime security only. Which of the statements given above is/are correct?",,,,,D,,2015 Prelims source provided in conversation,false
prelims-2015-68,2015,,Early Nationalism & Indian National Congress (1885-1915),Which one of the following movements has contributed to a split in the Indian National Congress resulting in the emergence of ‘moderates’ and ‘extremists’?,,,,,A,,2015 Prelims source provided in conversation,false
prelims-2015-69,2015,,Sustainable Agriculture & Forestry,"In a particular region in India, the local people train the roots of living trees into robust bridges across the streams. As the time passes, these bridges become stronger. These unique ‘living root bridges’ are found in",,,,,A,,2015 Prelims source provided in conversation,false
prelims-2015-70,2015,,Oceanography,Tides occur in the oceans and seas due to which among the following? 1. Gravitational force of the Sun 2. Gravitational force of the Moon 3. Centrifugal force of the Earth Select the correct answer using the code given below.,,,,,D,,2015 Prelims source provided in conversation,false
prelims-2015-71,2015,,Space Technology & Astronomy,"In which of the following activities are Indian Remote Sensing (IRS) satellites used? 1. Assessment of crop productivity 2. Locating groundwater resources 3. Mineral exploration 4, Telecommunications 5. Traffic studies Select the correct answer using the code given below.",,,,,A,,2015 Prelims source provided in conversation,false
prelims-2015-72,2015,,Biogeography & Natural Vegetation,Consider the following States: 1. Arunachal Pradesh 2. Himachal Pradesh 3. Mizoram In which of the above States do ‘Tropical Wet Evergreen Forests’ occur?,,,,,C,,2015 Prelims source provided in conversation,false
prelims-2015-73,2015,,Science & Technology Institutions,"The term ‘IndARC’, sometimes seen in the news, is the name of",,,,,D,,2015 Prelims source provided in conversation,false
prelims-2015-74,2015,,International Environmental Treaties & Summits,"With reference to ‘Forest Carbon Partnership Facility’, which of the following statements is/are correct? 1. It is a global partnership of governments, businesses, civil society and indigenous peoples. 2. It provides financial aid to universities, individual scientists and institutions involved in scientific forestry research to develop eco-friendly and climate adaptation technologies for sustainable forest management. 3. It assists the countries in their ‘REDD+ (Reducing Emissions from Deforestation and Forest Degradation+)’ efforts by providing them with financial and technical assistance. Select the correct answer using the code given below:",,,,,C,,2015 Prelims source provided in conversation,false
prelims-2015-75,2015,,Literature & Languages,Which one of the following was given classical language status recently?,,,,,A,,2015 Prelims source provided in conversation,false
prelims-2015-76,2015,,International Environmental Treaties & Summits,"With reference to an organization known as ‘BirdLife International’, which of the following statements is/are correct? 1. It is a Global Partnership of Conservation Organizations. 2. The concept of ‘biodiversity hotspots’ originated from this organization. 3. It identifies the sites known/referred to as ‘Important Bird and Biodiversity Areas’. Select the correct answer using the code given below:",,,,,C,,2015 Prelims source provided in conversation,false
prelims-2015-77,2015,,World Political Geography & Borders,Which one of the following countries of South-West Asia does not open out to the Mediterranean Sea?,,,,,A,,2015 Prelims source provided in conversation,false
prelims-2015-78,2015,,Ecosystems & Ecology Concepts,"In India, in which one of the following types of forests is teak a dominant tree species?",,,,,D,,2015 Prelims source provided in conversation,false
prelims-2015-79,2015,,International Relations & Treaties,"‘Beijing Declaration and Platform for Action’, often seen in the news, is",,,,,C,,2015 Prelims source provided in conversation,false
prelims-2015-80,2015,,Atmosphere & Climatology,"“Each day is more or less the same, the morning is clear and bright with a sea breeze; as the Sun climbs high in the sky, heat mounts up, dark clouds form, then rain comes with thunder and lightning. But rain is soon over.” Which of the following regions is described in the above passage?",,,,,B,,2015 Prelims source provided in conversation,false
prelims-2015-81,2015,,National Income & Economic Growth,"With reference to Indian economy, consider the following statements : 1. The rate of growth of Real Gross Domestic Product has steadily increased in the last decade. 2. The Gross Domestic Product at market prices (in rupees) has steadily increased in the last decade. Which of the statements given above is/are correct?",,,,,B,,2015 Prelims source provided in conversation,false
prelims-2015-82,2015,,Parliament & State Legislatures,Consider the following statements : 1. The Legislative Council of a State in India can be larger in size than half of the Legislative Assembly of that particular State. 2. The Governor of a State nominates the Chairman of Legislative Council of that particular State. Which of the statements given above is/are correct?,,,,,D,,2015 Prelims source provided in conversation,false
prelims-2015-83,2015,,Fundamental Duties,"“To uphold and protect the Sovereignty, Unity and Integrity of India” is a provision made in the",,,,,D,,2015 Prelims source provided in conversation,false
prelims-2015-84,2015,,Ecosystems & Ecology Concepts,Which one of the following is the best description of the term ‘ecosystem’?,,,,,C,,2015 Prelims source provided in conversation,false
prelims-2015-85,2015,,Local Government & Panchayati Raj,The fundamental object of Panchayati Raj system is to ensure which among the following? 1. People’s participation in development 2. Political accountability 3. Democratic decentralization 4. Financial mobilization Select the correct answer using the code given below.,,,,,C,,2015 Prelims source provided in conversation,false
prelims-2015-86,2015,,Monetary Policy & Money Supply,"With reference to Indian economy, consider the following : 1. Bank rate 2. Open market operations 3. Public debt 4. Public revenue Which of the above is/are component/ components of Monetary Policy?",,,,,C,,2015 Prelims source provided in conversation,false
prelims-2015-87,2015,,Inflation & Price Indices,"With reference to inflation in India, which of the following statements is correct?",,,,,C,,2015 Prelims source provided in conversation,false
prelims-2015-88,2015,,International Relations & Treaties,Consider the following countries: 1. China 2. France 3. India 4. Israel 5. Pakistan Which among the above are Nuclear Weapons States as recognized by the Treaty on the Non-Proliferation of Nuclear Weapons (NPT)?,,,,,A,,2015 Prelims source provided in conversation,false
prelims-2015-89,2015,,Directive Principles Of State Policy,The ideal of ‘Welfare State’ in the Indian Constitution is enshrined in its,,,,,B,,2015 Prelims source provided in conversation,false
prelims-2015-90,2015,,Infrastructure & Industry,The substitution of steel for wooden ploughs in agricultural production is an example of,,,,,B,,2015 Prelims source provided in conversation,false
prelims-2015-91,2015,,Union & State Executive,There is a Parliamentary System of Government in India because the,,,,,D,,2015 Prelims source provided in conversation,false
prelims-2015-92,2015,,Health & Diseases,H1N1 virus is sometimes mentioned in the news with reference to which one of the following diseases?,,,,,D,,2015 Prelims source provided in conversation,false
prelims-2015-93,2015,,Biotechnology & Genetics,"With reference to bio-toilets used by the Indian Railways, consider the following statements : 1. The decomposition of human waste in the bio-toilets is initiated by a fungal inoculum. 2. Ammonia and water vapour are the only end products in this decomposition which are released into the atmosphere. Which of the statements given above is/are correct?",,,,,D,,2015 Prelims source provided in conversation,false
prelims-2015-94,2015,,External Sector & Balance Of Payments,The problem of international liquidity is related to the non-availability of,,,,,C,,2015 Prelims source provided in conversation,false
prelims-2015-95,2015,,Energy & Environment,"With reference to ‘fuel cells’ in which hydrogen-rich fuel and oxygen are used to generate electricity, consider the following statements: 1. If pure hydrogen is used as a fuel, the fuel cell emits heat and water as by-products. 2. Fuel cells can be used for powering buildings and not for small devices like laptop computers. 3. Fuel cells produce electricity in the form of Alternating Current (AC). Which of the statements given above is/are correct?",,,,,A,,2015 Prelims source provided in conversation,false
prelims-2015-96,2015,,"Festivals, Crafts & Folk Traditions",Kalamkari painting refers to,,,,,A,,2015 Prelims source provided in conversation,false
prelims-2015-97,2015,,Agriculture & Rural Development,Which one of the following best describes the main objective of ‘Seed Village Concept’?,,,,,B,,2015 Prelims source provided in conversation,false
prelims-2015-98,2015,,Fiscal Policy & Budget,There has been a persistent deficit budget year after year. Which of the following actions can be taken by the government to reduce the deficit? 1. Reducing revenue expenditure 2. Introducing new welfare schemes 3. Rationalizing subsidies 4. Expanding industries Select the correct answer using the code given below.,,,,,A,,2015 Prelims source provided in conversation,false
prelims-2015-99,2015,,"Festivals, Crafts & Folk Traditions",Which of the following has/have been accorded ‘Geographical Indication’ status? 1. Banaras Brocades and Sarees 2. Rajasthani Daal-Bati-Churma 3. Tirupathi Laddu Select the correct answer using the code given below.,,,,,C,,2015 Prelims source provided in conversation,false
prelims-2015-100,2015,,Banking & Financial Sector,"With reference to the Indian Renewable Energy Development Agency Limited (IREDA), which of the following statements is/are correct? 1. It is a Public Limited Government Company. 2. It is a Non-Banking Financial Company. Select the correct answer using the code given below.",,,,,C,,2015 Prelims source provided in conversation,false
